[
  {
    "id": "5fad3dc1-9561-4c9a-88ea-629a3782d4db",
    "data": [
      {
        "text": "последнее",
        "userDefined": false
      }
    ],
    "isTemplate": false,
    "count": 1,
    "lang": "ru",
    "updated": 0
  },
  {
    "id": "a0f275be-b24c-4a30-b498-efba05299c6d",
    "data": [
      {
        "text": "третье",
        "meta": "@sys.ignore",
        "userDefined": false
      }
    ],
    "isTemplate": false,
    "count": 0,
    "lang": "ru",
    "updated": 0
  },
  {
    "id": "e661b160-4810-4a37-b991-9abbaba9d708",
    "data": [
      {
        "text": "в вазочку",
        "userDefined": false
      }
    ],
    "isTemplate": false,
    "count": 0,
    "lang": "ru",
    "updated": 0
  },
  {
    "id": "dd09f127-155c-4053-b68e-7350d3482a23",
    "data": [
      {
        "text": "вазочка",
        "userDefined": false
      }
    ],
    "isTemplate": false,
    "count": 0,
    "lang": "ru",
    "updated": 0
  }
]