[
  {
    "id": "e5664eed-6504-4e3a-8b4d-3b7849cfc4cf",
    "data": [
      {
        "text": "вишня",
        "meta": "@sys.ignore",
        "userDefined": false
      }
    ],
    "isTemplate": false,
    "count": 1,
    "lang": "ru",
    "updated": 0
  },
  {
    "id": "7a34f260-1d31-4808-8b27-b51e0a225189",
    "data": [
      {
        "text": "вишнёвый",
        "meta": "@sys.ignore",
        "userDefined": false
      }
    ],
    "isTemplate": false,
    "count": 0,
    "lang": "ru",
    "updated": 0
  }
]