[
  {
    "id": "82208a69-b012-4145-b30d-569058bdb52e",
    "data": [
      {
        "text": "вишня",
        "meta": "@sys.ignore",
        "userDefined": false
      }
    ],
    "isTemplate": false,
    "count": 0,
    "lang": "ru",
    "updated": 0
  },
  {
    "id": "cf97c7c2-d4c9-42e1-b85d-395807c023c2",
    "data": [
      {
        "text": "вишнёвый",
        "meta": "@sys.ignore",
        "userDefined": false
      }
    ],
    "isTemplate": false,
    "count": 0,
    "lang": "ru",
    "updated": 0
  }
]