[
  {
    "id": "aae1504d-ffb7-41ed-b0f9-6e27d973bd42",
    "data": [
      {
        "text": "вишня",
        "meta": "@sys.ignore",
        "userDefined": false
      }
    ],
    "isTemplate": false,
    "count": 0,
    "lang": "ru",
    "updated": 0
  },
  {
    "id": "175ed9d6-a499-4318-a3a3-f84e797bbbbe",
    "data": [
      {
        "text": "вишнёвый",
        "meta": "@sys.ignore",
        "userDefined": false
      }
    ],
    "isTemplate": false,
    "count": 0,
    "lang": "ru",
    "updated": 0
  }
]