[
  {
    "id": "46adee74-a368-4f3e-8f47-4a95fb7fcb33",
    "data": [
      {
        "text": "вишня",
        "meta": "@sys.ignore",
        "userDefined": false
      }
    ],
    "isTemplate": false,
    "count": 0,
    "lang": "ru",
    "updated": 0
  },
  {
    "id": "d3c5fb9e-61a0-4e6b-9808-cb49deddeeeb",
    "data": [
      {
        "text": "вишнёвый",
        "meta": "@sys.ignore",
        "userDefined": false
      }
    ],
    "isTemplate": false,
    "count": 0,
    "lang": "ru",
    "updated": 0
  }
]