[
  {
    "id": "115fdd60-8fd6-4d3a-a7eb-5a5031870ef8",
    "data": [
      {
        "text": "ок",
        "userDefined": false
      }
    ],
    "isTemplate": false,
    "count": 0,
    "lang": "ru",
    "updated": 0
  },
  {
    "id": "d6ed9c37-ea0c-4b88-add9-55bb2e7a5631",
    "data": [
      {
        "text": "да",
        "meta": "@sys.ignore",
        "userDefined": false
      }
    ],
    "isTemplate": false,
    "count": 0,
    "lang": "ru",
    "updated": 0
  },
  {
    "id": "8caa3c6e-2b55-4147-bcfe-324cea65208d",
    "data": [
      {
        "text": "Давай",
        "userDefined": false
      }
    ],
    "isTemplate": false,
    "count": 0,
    "lang": "ru",
    "updated": 0
  },
  {
    "id": "bc268623-1e73-4480-891c-f219b2dd4506",
    "data": [
      {
        "text": "Да, хочу",
        "userDefined": false
      }
    ],
    "isTemplate": false,
    "count": 0,
    "lang": "ru",
    "updated": 0
  },
  {
    "id": "a91465de-d888-4295-a351-b81806e7b3cb",
    "data": [
      {
        "text": "Хочу мороженое",
        "userDefined": false
      }
    ],
    "isTemplate": false,
    "count": 0,
    "lang": "ru",
    "updated": 0
  }
]