[
  {
    "id": "0bb9965d-00e7-44a9-b67f-111e17222d92",
    "data": [
      {
        "text": "хочу",
        "userDefined": false
      }
    ],
    "isTemplate": false,
    "count": 1,
    "lang": "ru",
    "updated": 0
  },
  {
    "id": "300d1d99-f1b9-48dc-a947-a43a62a84a1e",
    "data": [
      {
        "text": "можно",
        "userDefined": false
      }
    ],
    "isTemplate": false,
    "count": 0,
    "lang": "ru",
    "updated": 0
  },
  {
    "id": "9e733910-5bde-4ff0-8136-52c01f9be282",
    "data": [
      {
        "text": "давайте",
        "userDefined": false
      }
    ],
    "isTemplate": false,
    "count": 0,
    "lang": "ru",
    "updated": 0
  },
  {
    "id": "4aab1fe8-584a-4b1b-92f6-3eeffb4449b0",
    "data": [
      {
        "text": "да",
        "userDefined": false
      }
    ],
    "isTemplate": false,
    "count": 0,
    "lang": "ru",
    "updated": 0
  }
]