[
  {
    "id": "e61b002d-b4ce-4386-8440-31d0c30d6873",
    "data": [
      {
        "text": "персик",
        "userDefined": false
      }
    ],
    "isTemplate": false,
    "count": 0,
    "lang": "ru",
    "updated": 0
  },
  {
    "id": "f33cdaea-92db-4763-b79b-12181107fdda",
    "data": [
      {
        "text": "персиковый",
        "meta": "@sys.ignore",
        "userDefined": false
      }
    ],
    "isTemplate": false,
    "count": 0,
    "lang": "ru",
    "updated": 0
  }
]