[
  {
    "id": "ab578acf-4378-487a-8b6f-384db0c4d7cd",
    "data": [
      {
        "text": "персик",
        "userDefined": false
      }
    ],
    "isTemplate": false,
    "count": 0,
    "lang": "ru",
    "updated": 0
  },
  {
    "id": "9123ea56-0d32-4c57-b3bf-a31e9c574bf0",
    "data": [
      {
        "text": "персиковый",
        "meta": "@sys.ignore",
        "userDefined": false
      }
    ],
    "isTemplate": false,
    "count": 0,
    "lang": "ru",
    "updated": 0
  }
]