[
  {
    "id": "922ef9e5-fc6d-4a78-a454-3770cfe67512",
    "data": [
      {
        "text": "персик",
        "userDefined": false
      }
    ],
    "isTemplate": false,
    "count": 0,
    "lang": "ru",
    "updated": 0
  },
  {
    "id": "9ff9e5a6-e3fa-40e5-ac0e-f58131e8c2e7",
    "data": [
      {
        "text": "персиковый",
        "meta": "@sys.ignore",
        "userDefined": false
      }
    ],
    "isTemplate": false,
    "count": 0,
    "lang": "ru",
    "updated": 0
  }
]