[
  {
    "id": "0ab5965e-6077-4529-891e-f952ffe1dbfe",
    "data": [
      {
        "text": "персик",
        "userDefined": false
      }
    ],
    "isTemplate": false,
    "count": 0,
    "lang": "ru",
    "updated": 0
  },
  {
    "id": "73df2351-257b-4876-a5e9-46d0c44a69e2",
    "data": [
      {
        "text": "персиковый",
        "meta": "@sys.ignore",
        "userDefined": false
      }
    ],
    "isTemplate": false,
    "count": 0,
    "lang": "ru",
    "updated": 0
  }
]