[
  {
    "id": "43096318-142c-40ee-a8a3-a47bc381948e",
    "data": [
      {
        "text": "можно рожок",
        "userDefined": false
      }
    ],
    "isTemplate": false,
    "count": 0,
    "lang": "ru",
    "updated": 0
  },
  {
    "id": "285f4cb4-11a3-40ba-82d1-3c1dec62a7f5",
    "data": [
      {
        "text": "хочу рожок",
        "userDefined": false
      }
    ],
    "isTemplate": false,
    "count": 0,
    "lang": "ru",
    "updated": 0
  },
  {
    "id": "8e69fba8-1df7-43ca-a48e-170e8da57a01",
    "data": [
      {
        "text": "в рожок",
        "meta": "@sys.ignore",
        "userDefined": false
      }
    ],
    "isTemplate": false,
    "count": 0,
    "lang": "ru",
    "updated": 0
  },
  {
    "id": "e5da007b-8c37-4bc3-a209-dda9d9f60469",
    "data": [
      {
        "text": "рожок",
        "userDefined": false
      }
    ],
    "isTemplate": false,
    "count": 0,
    "lang": "ru",
    "updated": 0
  }
]