[
  {
    "id": "4b2579eb-ce8b-496a-8e0e-6eb66f52fbc6",
    "data": [
      {
        "text": "хочу",
        "userDefined": false
      }
    ],
    "isTemplate": false,
    "count": 0,
    "lang": "ru",
    "updated": 0
  },
  {
    "id": "5dbe4c90-505c-4976-b7db-3459374a1c0e",
    "data": [
      {
        "text": "давай",
        "meta": "@sys.ignore",
        "userDefined": false
      }
    ],
    "isTemplate": false,
    "count": 0,
    "lang": "ru",
    "updated": 0
  },
  {
    "id": "b3832200-5099-4333-befc-28cda3170b87",
    "data": [
      {
        "text": "добавим",
        "userDefined": false
      }
    ],
    "isTemplate": false,
    "count": 0,
    "lang": "ru",
    "updated": 0
  },
  {
    "id": "f8cff0df-d988-455c-a887-a01eff65c7be",
    "data": [
      {
        "text": "да",
        "meta": "@sys.ignore",
        "userDefined": false
      }
    ],
    "isTemplate": false,
    "count": 0,
    "lang": "ru",
    "updated": 0
  }
]