[
  {
    "id": "009603df-883d-4c85-b8ed-da8116a2bb2a",
    "data": [
      {
        "text": "хочу стаканчик",
        "userDefined": false
      }
    ],
    "isTemplate": false,
    "count": 0,
    "lang": "ru",
    "updated": 0
  },
  {
    "id": "57f37d3e-2441-4c86-b917-a75239eb0155",
    "data": [
      {
        "text": "можно стаканчик",
        "userDefined": false
      }
    ],
    "isTemplate": false,
    "count": 0,
    "lang": "ru",
    "updated": 0
  },
  {
    "id": "54f6d726-46df-42f7-961d-a7a73947fba8",
    "data": [
      {
        "text": "первое",
        "meta": "@sys.ignore",
        "userDefined": false
      }
    ],
    "isTemplate": false,
    "count": 0,
    "lang": "ru",
    "updated": 0
  },
  {
    "id": "9196bc74-3c24-4c62-a74c-185e0ed1e8a0",
    "data": [
      {
        "text": "в стаканчик",
        "userDefined": false
      }
    ],
    "isTemplate": false,
    "count": 0,
    "lang": "ru",
    "updated": 0
  },
  {
    "id": "8400b55d-23da-48c9-af02-ffabb02ea7fb",
    "data": [
      {
        "text": "стаканчик",
        "userDefined": false
      }
    ],
    "isTemplate": false,
    "count": 0,
    "lang": "ru",
    "updated": 0
  }
]